{
    "1": 0.21656657255777517,
    "2": 0.2259010201588671,
    "3": 0.2389980638170763,
    "4": 0.21802188973163486,
    "5": 0.22534853908242083,
    "6": 0.22270857245779715,
    "7": 0.2184096892079341
}