{
    "epoch_1": 0.13289191154728494,
    "epoch_2": 0.1649450025000213,
    "epoch_3": 0.24964196846798978,
    "epoch_4": 0.29203458527929627,
    "epoch_5": 0.2931207217224324,
    "epoch_6": 0.29577805460179046,
    "epoch_7": 0.302055658824669,
    "epoch_8": 0.31514956895272633,
    "epoch_9": 0.3185722771308021,
    "epoch_10": 0.32371107350730277
}