{
    "epoch_1": 0.3013570149123104,
    "epoch_2": 0.32117206304902407,
    "epoch_3": 0.3311768291052113,
    "epoch_4": 0.32966973861842913,
    "epoch_5": 0.3348301477387869,
    "epoch_6": 0.29577805460179046,
    "epoch_7": 0.302055658824669,
    "epoch_8": 0.31514956895272633,
    "epoch_9": 0.3185722771308021,
    "epoch_10": 0.32371107350730277,
    "epoch_11": 0.3208521096384116,
    "epoch_12": 0.31755558886491614
}