{
    "epoch_1": {
        "overall": 0.30987756247670906,
        "labels": {
            "Bareland": 0.0001210311749261591,
            "Rangeland": 0.16136446823678743,
            "Developed space": 0.05618203409870038,
            "Road": 0.45568179398269715,
            "Tree": 0.325829600552776,
            "Water": 0.42683680244773037,
            "Agriculture land": 0.4337810507589479,
            "Building": 0.6192237185611074
        }
    },
    "epoch_10": {
        "overall": 0.4145343671089165,
        "labels": {
            "Bareland": 0.37977854185230214,
            "Rangeland": 0.37012807362432737,
            "Developed space": 0.12406655557600749,
            "Road": 0.5078360644529009,
            "Tree": 0.3160256253086742,
            "Water": 0.45383367071630254,
            "Agriculture land": 0.4319817997274197,
            "Building": 0.7326246056133979
        },
        "s_miou": 0.4975918213857321,
        "u_miou": 0.331476912832101,
        "h_miou": 0.3978927053835988
    },
    "epoch_2": {
        "overall": 0.3582986038664878,
        "labels": {
            "Bareland": 0.00023665125788190173,
            "Rangeland": 0.3361029993055389,
            "Developed space": 0.1396735885890323,
            "Road": 0.45400876264954004,
            "Tree": 0.3764430695659894,
            "Water": 0.4392794595494797,
            "Agriculture land": 0.42283560911785983,
            "Building": 0.6978086908965805
        }
    },
    "epoch_3": {
        "overall": 0.3900606878824772,
        "labels": {
            "Bareland": 0.3389999501743135,
            "Rangeland": 0.29374381301427677,
            "Developed space": 0.10727625513606562,
            "Road": 0.4756488450026072,
            "Tree": 0.32997078851354217,
            "Water": 0.44700931701990515,
            "Agriculture land": 0.4258622483967994,
            "Building": 0.7019742858023079
        }
    },
    "epoch_4": {
        "overall": 0.3955503729757317,
        "labels": {
            "Bareland": 0.36002070718873186,
            "Rangeland": 0.3066306889018581,
            "Developed space": 0.12277624712760433,
            "Road": 0.48873041618649316,
            "Tree": 0.30378897808767785,
            "Water": 0.4454348967944936,
            "Agriculture land": 0.4245999355314959,
            "Building": 0.712421113987499
        }
    },
    "epoch_5": {
        "overall": 0.40441703882185637,
        "labels": {
            "Bareland": 0.36514228464282406,
            "Rangeland": 0.34311463498954975,
            "Developed space": 0.11789647191918616,
            "Road": 0.49084342093015965,
            "Tree": 0.3184279054266949,
            "Water": 0.4499117544845376,
            "Agriculture land": 0.4402062153504682,
            "Building": 0.7097936228314304
        },
        "s_miou": 0.4772234908484909,
        "u_miou": 0.3316105867952217,
        "h_miou": 0.3913098278295875
    },
    "epoch_6": {
        "overall": 0.4060973842869344,
        "labels": {
            "Bareland": 0.37259653130915976,
            "Rangeland": 0.34207873307604597,
            "Developed space": 0.12195066373628623,
            "Road": 0.4962751999304487,
            "Tree": 0.3126773190504395,
            "Water": 0.45162141957159385,
            "Agriculture land": 0.4320105288237527,
            "Building": 0.7195686787977487
        },
        "s_miou": 0.48262978577835075,
        "u_miou": 0.32956498279551805,
        "h_miou": 0.39167422199957314
    },
    "epoch_7": {
        "overall": 0.40133731526503524,
        "labels": {
            "Bareland": 0.3713990248627665,
            "Rangeland": 0.3254123139285938,
            "Developed space": 0.11422186891196012,
            "Road": 0.4953189817376808,
            "Tree": 0.3047191338336084,
            "Water": 0.449956779573806,
            "Agriculture land": 0.432653148511875,
            "Building": 0.7170172707599913
        },
        "s_miou": 0.47728689782225814,
        "u_miou": 0.32538773270781235,
        "h_miou": 0.38696451993498443
    },
    "epoch_8": {
        "overall": 0.4087387723676007,
        "labels": {
            "Bareland": 0.37629847884268697,
            "Rangeland": 0.3669526752553176,
            "Developed space": 0.12453767676187556,
            "Road": 0.5043940086590706,
            "Tree": 0.3091768571852534,
            "Water": 0.44793591601911276,
            "Agriculture land": 0.41831588683365317,
            "Building": 0.7222986793838357
        },
        "s_miou": 0.49248596053522775,
        "u_miou": 0.3249915841999737,
        "h_miou": 0.3915796673349218
    },
    "epoch_9": {
        "overall": 0.4008231388915657,
        "labels": {
            "Bareland": 0.3749730368134941,
            "Rangeland": 0.3396193196639568,
            "Developed space": 0.11574174352657876,
            "Road": 0.49900877802335863,
            "Tree": 0.2804981596711691,
            "Water": 0.45231227459711076,
            "Agriculture land": 0.4266819521203256,
            "Building": 0.7177498467165317
        },
        "s_miou": 0.4828377453043353,
        "u_miou": 0.31880853247879604,
        "h_miou": 0.38404168340064104
    },
    "epoch_11": {
        "overall": 0.4106235845477786,
        "labels": {
            "Bareland": 0.3814059371658329,
            "Rangeland": 0.3735386878055202,
            "Developed space": 0.12452318010455878,
            "Road": 0.5033367770341051,
            "Tree": 0.3044781301883242,
            "Water": 0.4531071732292178,
            "Agriculture land": 0.42276104968351164,
            "Building": 0.7218377411711582
        },
        "s_miou": 0.495029785794154,
        "u_miou": 0.3262173833014031,
        "h_miou": 0.3932733711724563
    },
    "epoch_12": {
        "overall": 0.40951185390522155,
        "labels": {
            "Bareland": 0.38297882161495944,
            "Rangeland": 0.3695535205479601,
            "Developed space": 0.12694757595772393,
            "Road": 0.5072620835301378,
            "Tree": 0.2977854409965253,
            "Water": 0.45356901172133607,
            "Agriculture land": 0.4209251482957926,
            "Building": 0.7170732285773372
        },
        "s_miou": 0.49421691356759867,
        "u_miou": 0.3248067942428445,
        "h_miou": 0.3919911226639045
    },
    "epoch_13": {
        "overall": 0.41319529463144977,
        "labels": {
            "Bareland": 0.38731765882997143,
            "Rangeland": 0.3736146332881384,
            "Developed space": 0.13038391907382776,
            "Road": 0.5058213731373149,
            "Tree": 0.3120075874625723,
            "Water": 0.45369242333673065,
            "Agriculture land": 0.42207169894583274,
            "Building": 0.7206530629772099
        },
        "s_miou": 0.49685168205815866,
        "u_miou": 0.3295389072047409,
        "h_miou": 0.3962580466806234
    },
    "epoch_14": {
        "overall": 0.41495793290014393,
        "labels": {
            "Bareland": 0.3878122423202418,
            "Rangeland": 0.3909758449851618,
            "Developed space": 0.12710861710207885,
            "Road": 0.4988446478296987,
            "Tree": 0.31104592947694737,
            "Water": 0.44915027484755116,
            "Agriculture land": 0.430322208142403,
            "Building": 0.7244036984970689
        },
        "s_miou": 0.5005091084080427,
        "u_miou": 0.32940675739224506,
        "h_miou": 0.39731999167648596
    }
}