{
    "epoch_1": {
        "overall": 0.294116845410701,
        "labels": {
            "Bareland": 7.069724112819177e-05,
            "Rangeland": 0.22024401690417453,
            "Developed space": 0.19693653563662072,
            "Road": 0.4444030007805765,
            "Tree": 0.17113325842206603,
            "Water": 0.34969556271332536,
            "Agriculture land": 0.45594053769529463,
            "Building": 0.5145111538924222
        }
    },
    "epoch_10": {
        "overall": 0.49782717950253963,
        "labels": {
            "Bareland": 0.3811952348571401,
            "Rangeland": 0.41483684872225146,
            "Developed space": 0.3554315655470001,
            "Road": 0.5098415297822011,
            "Tree": 0.5271227791772372,
            "Water": 0.46335054872191705,
            "Agriculture land": 0.6162503211301885,
            "Building": 0.7145886080823816
        }
    },
    "epoch_2": {
        "overall": 0.2831605921531001,
        "labels": {
            "Bareland": 8.615374241137668e-05,
            "Rangeland": 0.1551183498932053,
            "Developed space": 0.06115408979848063,
            "Road": 0.45103925673774453,
            "Tree": 0.09461628625242652,
            "Water": 0.4422228827580218,
            "Agriculture land": 0.5035278032948656,
            "Building": 0.5575199147476446
        }
    },
    "epoch_3": {
        "overall": 0.34032789110036366,
        "labels": {
            "Bareland": 0.0001044025591420857,
            "Rangeland": 0.2199966193108106,
            "Developed space": 0.1032835704394895,
            "Road": 0.4369935685069498,
            "Tree": 0.4268132775325729,
            "Water": 0.37920934565808684,
            "Agriculture land": 0.48404762754703184,
            "Building": 0.6721747172488254
        }
    },
    "epoch_4": {
        "overall": 0.3924401079613711,
        "labels": {
            "Bareland": 6.33813037615855e-05,
            "Rangeland": 0.32386739218568755,
            "Developed space": 0.17409320407482998,
            "Road": 0.47187273637253824,
            "Tree": 0.4786905014853194,
            "Water": 0.4318506046737682,
            "Agriculture land": 0.5592484388268658,
            "Building": 0.6998346047681978
        }
    },
    "epoch_5": {
        "overall": 0.4039685946612661,
        "labels": {
            "Bareland": 8.968030763932733e-06,
            "Rangeland": 0.320579251963242,
            "Developed space": 0.21841997988884904,
            "Road": 0.4944553045318884,
            "Tree": 0.5018254104456622,
            "Water": 0.4422734380354089,
            "Agriculture land": 0.5452956591327128,
            "Building": 0.7088907452616021
        }
    },
    "epoch_6": {
        "overall": 0.45918499185809714,
        "labels": {
            "Bareland": 0.3428742652927334,
            "Rangeland": 0.36297832067557445,
            "Developed space": 0.24321035601349617,
            "Road": 0.49416495002259,
            "Tree": 0.47341940940222743,
            "Water": 0.4659999684444362,
            "Agriculture land": 0.5746987756233427,
            "Building": 0.7161338893903766
        }
    },
    "epoch_7": {
        "overall": 0.490218392779971,
        "labels": {
            "Bareland": 0.36737042901742323,
            "Rangeland": 0.3840904645402134,
            "Developed space": 0.34348887045366955,
            "Road": 0.5084456000843198,
            "Tree": 0.5300678312029404,
            "Water": 0.4724525411115903,
            "Agriculture land": 0.601757677355556,
            "Building": 0.7140737284740551
        }
    },
    "epoch_8": {
        "overall": 0.4873119753380388,
        "labels": {
            "Bareland": 0.35101532618281156,
            "Rangeland": 0.37262117283014745,
            "Developed space": 0.30328433797062093,
            "Road": 0.5013850108861571,
            "Tree": 0.5259655675128756,
            "Water": 0.4799416692587383,
            "Agriculture land": 0.6452234216149401,
            "Building": 0.7190592964480195
        }
    },
    "epoch_9": {
        "overall": 0.4902893310317862,
        "labels": {
            "Bareland": 0.3631177242798563,
            "Rangeland": 0.37642882756461915,
            "Developed space": 0.33234713253293324,
            "Road": 0.5062075048862115,
            "Tree": 0.4968424521188412,
            "Water": 0.4859155409262662,
            "Agriculture land": 0.6378918440872723,
            "Building": 0.7235636218582898
        }
    },
    "epoch_11": {
        "overall": 0.5037976753563218,
        "labels": {
            "Bareland": 0.37944950997782384,
            "Rangeland": 0.4022989847685768,
            "Developed space": 0.35125554617216265,
            "Road": 0.5045638265445358,
            "Tree": 0.5362849191868247,
            "Water": 0.4888931493532195,
            "Agriculture land": 0.6544632225600959,
            "Building": 0.7131722442873349
        }
    },
    "epoch_12": {
        "overall": 0.49660107382884,
        "labels": {
            "Bareland": 0.3740517484754375,
            "Rangeland": 0.41434103031703373,
            "Developed space": 0.3403627353933137,
            "Road": 0.4971917051204229,
            "Tree": 0.5016697287016679,
            "Water": 0.47990659394081947,
            "Agriculture land": 0.6380569863045807,
            "Building": 0.7272280623774442
        }
    }
}