{
    "threshold_0.1": {
        "overall": 0.4319393068634017,
        "labels": {
            "Bareland": 0.19539431248816508,
            "Rangeland": 0.434791043397099,
            "Developed space": 0.3834460148156943,
            "Road": 0.4154858909592234,
            "Tree": 0.5632447469992851,
            "Water": 0.28933348645261014,
            "Agriculture land": 0.5065880718387208,
            "Building": 0.6672308879564156
        }
    },
    "threshold_0.2": {
        "overall": 0.4798813726653173,
        "labels": {
            "Bareland": 0.31318983205277373,
            "Rangeland": 0.4381132351907636,
            "Developed space": 0.38669295398768394,
            "Road": 0.47343184250584824,
            "Tree": 0.5664256349528276,
            "Water": 0.3866172724511213,
            "Agriculture land": 0.5637030101601403,
            "Building": 0.7108772000213797
        }
    },
    "threshold_0.3": {
        "overall": 0.49658087001317874,
        "labels": {
            "Bareland": 0.34977966545843514,
            "Rangeland": 0.41755507206564946,
            "Developed space": 0.3715816079268196,
            "Road": 0.5003852772938343,
            "Tree": 0.5446100162005005,
            "Water": 0.45470877352236505,
            "Agriculture land": 0.6074726935807252,
            "Building": 0.7265538540571005
        }
    },
    "threshold_0.4": {
        "overall": 0.49128366669285606,
        "labels": {
            "Bareland": 0.36372939665946036,
            "Rangeland": 0.3774771880360714,
            "Developed space": 0.3338166002687727,
            "Road": 0.5072979922594442,
            "Tree": 0.4967024683915729,
            "Water": 0.4893426642678134,
            "Agriculture land": 0.6407203363513249,
            "Building": 0.7211826873083884
        }
    },
    "threshold_0.5": {
        "overall": 0.46409616293052003,
        "labels": {
            "Bareland": 0.359522567374186,
            "Rangeland": 0.3109953681734435,
            "Developed space": 0.26384350838114207,
            "Road": 0.5029683932033466,
            "Tree": 0.42544415515932754,
            "Water": 0.5010303155651663,
            "Agriculture land": 0.650221487486105,
            "Building": 0.698743508101443
        }
    },
    "threshold_0.6": {
        "overall": 0.4212488765112009,
        "labels": {
            "Bareland": 0.3556290640244585,
            "Rangeland": 0.23594736472226535,
            "Developed space": 0.16872417812904072,
            "Road": 0.48445311230552207,
            "Tree": 0.3315034648315239,
            "Water": 0.488186725443358,
            "Agriculture land": 0.656392350425257,
            "Building": 0.6491547522081823
        }
    },
    "threshold_0.7": {
        "overall": 0.3477512971140208,
        "labels": {
            "Bareland": 0.31322163747902043,
            "Rangeland": 0.14306490226180732,
            "Developed space": 0.08201483338684659,
            "Road": 0.44536170443931317,
            "Tree": 0.22756036242498628,
            "Water": 0.44170736140145944,
            "Agriculture land": 0.5751724846041912,
            "Building": 0.5539070909145419
        }
    },
    "threshold_0.8": {
        "overall": 0.23800682415566438,
        "labels": {
            "Bareland": 0.21603897846657008,
            "Rangeland": 0.06308173779614036,
            "Developed space": 0.023910586516448815,
            "Road": 0.3571398348318775,
            "Tree": 0.1192860833289933,
            "Water": 0.35306050912625403,
            "Agriculture land": 0.3947712833017882,
            "Building": 0.37676557987724263
        }
    },
    "threshold_0.9": {
        "overall": 0.09816064814921963,
        "labels": {
            "Bareland": 0.09449412855665033,
            "Rangeland": 0.00794701739248576,
            "Developed space": 0.0013952423186305738,
            "Road": 0.17009841736439443,
            "Tree": 0.03200211025311585,
            "Water": 0.20552256989312304,
            "Agriculture land": 0.16458893963227583,
            "Building": 0.1092367597830811
        }
    }
}