{
    "epoch_1": {
        "overall": 0.24514571973688634,
        "labels": {
            "Bareland": 0.000599635622790811,
            "Rangeland": 0.0655364789776681,
            "Developed space": 0.03278399702902138,
            "Road": 0.4380484730209797,
            "Tree": 0.014263358466775282,
            "Water": 0.4110508356791402,
            "Agriculture land": 0.5619830822431366,
            "Building": 0.43689989685557856
        }
    },
    "epoch_2": {
        "overall": 0.2874806892906564,
        "labels": {
            "Bareland": 0.25030664259081503,
            "Rangeland": 0.05028193516298336,
            "Developed space": 0.026165403818490245,
            "Road": 0.46243522159542294,
            "Tree": 0.03878821897754914,
            "Water": 0.42203145239913364,
            "Agriculture land": 0.5626024201716333,
            "Building": 0.4872342196092234
        }
    },
    "epoch_3": {
        "overall": 0.2949486979008046,
        "labels": {
            "Bareland": 0.2462491041618573,
            "Rangeland": 0.08049761046972984,
            "Developed space": 0.02223207570609185,
            "Road": 0.4644031572289029,
            "Tree": 0.042771079624728314,
            "Water": 0.41856394240221484,
            "Agriculture land": 0.5813968336789984,
            "Building": 0.5034757799339129
        }
    }
}