{
    "epoch_1": {
        "overall": 0.3300510669422383,
        "labels": {
            "Bareland": 4.402038005868652e-05,
            "Rangeland": 0.1529094552025846,
            "Developed space": 0.04315382320822784,
            "Road": 0.449422333514879,
            "Tree": 0.3289879647272109,
            "Water": 0.4475350081124478,
            "Agriculture land": 0.5588736256107512,
            "Building": 0.6594823047817463
        }
    },
    "epoch_2": {
        "overall": 0.3663741811323023,
        "labels": {
            "Bareland": 0.00010453723959815399,
            "Rangeland": 0.24729280215586902,
            "Developed space": 0.10461192895396432,
            "Road": 0.471298025084826,
            "Tree": 0.39533202843260973,
            "Water": 0.4451464008021032,
            "Agriculture land": 0.5898574194959234,
            "Building": 0.6773503068935244
        }
    },
    "epoch_3": {
        "overall": 0.35745402156468004,
        "labels": {
            "Bareland": 4.6756853548786545e-05,
            "Rangeland": 0.19765559075082662,
            "Developed space": 0.07119714217467368,
            "Road": 0.4799277395158513,
            "Tree": 0.39939811459565583,
            "Water": 0.4559640858042753,
            "Agriculture land": 0.5849342863510859,
            "Building": 0.6705084564715228
        }
    }
}